Case_ID,País,Pais_core8,Nombre oficial de la política/programa/instrumento,Año inicio–vigencia,Entidad líder (responsable),Tipo de instrumento,Inst_Regulatorio,Inst_EconFin,Inst_Cooperacion,Inst_Innovacion,Inst_CompraPublica,Inst_EstandarGuia,Inst_DatosTrazabilidad,Sectores involucrados,Flujos foco,Mecanismo de cooperación,Financiamiento,Programa asociado,Resultados reportados,KPI asociados,Barreras identificadas,Barreras_Tags,Habilitadores identificados,Habilitadores_Tags,Replicabilidad para Chile,Replicabilidad_nivel,Replicabilidad_justificacion_1linea,Quick win potencial,QuickWin_si_no,QuickWin_justificacion_1linea,Fuente primaria,Tipo de fuente,Fuente secundaria
DEU-01,Alemania,Sí,Ley de Economía Circular (Kreislaufwirtschaftsgesetz),2012 (enmendada 2020),Ministerio de Medio Ambiente (BMUV),Regulatorio (marco legal de residuos),Sí,No,No,No,No,No,No,"Todos (urbano, industrial; envases, etc.)","Residuos, Materiales",(No aplica – instrumento legal),(No aplica),–,99% de residuos municipales desviados de vertedero; tasa de reciclaje municipal ~67%. Aumento continuo en reciclaje de envases (68% en 2020).,Tasa de reciclaje (%) residuos municipales; % residuos envases valorizados,Barrera_Regulatoria: Débil énfasis en prevención de residuos – el volumen de desechos municipales no se reduce.,Barrera_Regulatoria;Barrera_Territorial,Habilitador_Institucional: Sistema robusto de gestión de residuos y alta fiscalización – Alemania es referente en manejo de residuos en Europa.,Habilitador_Institucional,Alta – Chile puede fortalecer su Ley REP y marco de residuos sin cambios legales mayores (ya existe Ley 20.920).,Alta,Chile puede fortalecer su Ley REP y marco de residuos sin cambios legales mayores (ya existe Ley 20.920).,No – Requiere implementación progresiva y coordinación legislativa.,No,Requiere implementación progresiva y coordinación legislativa.,,Ley nacional (transposición UE),(evaluación OCDE sobre residuos)
DEU-02,Alemania,Sí,Programa Alemán de Eficiencia de Recursos ProgRess III,2020–2023 (fase III),Ministerio de Medio Ambiente (BMUV),Estrategia nacional (hoja de ruta multianual),No,No,No,No,No,No,No,"Industria, Construcción, Agro, Energía","Materiales, Energía, Agua",Triple hélice (gobierno-industria-academia),Público (fondos federales),Estrategia Desarrollo Sostenible,Productividad de materias primas aumentó +27% (2010–2022). Iniciativas piloto en digitalización e Industria 4.0 para ahorrar recursos. Se amplió uso de materias primas secundarias (meta 15% al 2030).,Productividad de recursos (PIB/consumo material); % material secundario en la economía,Barrera_Económica: Persisten incentivos a materias vírgenes baratas; desacoplamiento absoluto insuficiente (el consumo material total sigue alto).,Barrera_Económica,"Habilitador_Político: Visión de largo plazo con metas claras al 2030/2050 alineadas a ODS; coordinación interministerial (economía, ambiente) desde ProgRess I.",Habilitador_Institucional;Habilitador_Político,"Alta – Chile puede adoptar un programa nacional de eficiencia de recursos articulando MMA, Economía y Ciencia (lineamientos OCDE).",Alta,"Chile puede adoptar un programa nacional de eficiencia de recursos articulando MMA, Economía y Ciencia (lineamientos OCDE).",No – Implica cambio estructural y esfuerzos sostenidos más allá de 2 años.,No,Implica cambio estructural y esfuerzos sostenidos más allá de 2 años.,,Estrategia gubernamental,(informe PBL/Paises Bajos)
DEU-03,Alemania,Sí,Ley de Envases y Registro Central (VerpackG & ZSVR),2019–vigente,BMUV / Autoridad Central Envases (ZSVR),Regulatorio + Datos (EPR trazabilidad),Sí,No,No,No,No,No,Sí,Envases y embalajes (consumo masivo),"Residuos (envases), Materiales reciclables",APP (fundación público-privada),Privado (industria financia),–,Registro unificado de ~200k empresas; tasa reciclaje envases 69% (2020). Reciclaje de plásticos post-consumo >50% en 2022. En 2021 se recuperaron ≥200 mil toneladas de envases en planes EPR.,Tasa de reciclaje de envases (%); Nº toneladas de envases reciclados por año,"Barrera_Operativa: Subdeclaración inicial de volúmenes – en plásticos hubo tasas aparentes >100%, reflejando reportes incompletos.",Barrera_Seguimiento,Habilitador_Tecnológico: Plataforma digital de ZSVR mejora transparencia y cumplimiento. Marco EPR robusto con obligaciones legales incentiva eco-diseño.,Habilitador_Legal;Habilitador_Tecnológico;Habilitador_Transparencia,"Alta – Chile (MMA) puede implementar un registro nacional de productores en línea aprovechando la Ley REP vigente, mejorando trazabilidad.",Alta,"Chile (MMA) puede implementar un registro nacional de productores en línea aprovechando la Ley REP vigente, mejorando trazabilidad.",Sí – Crear registro único REP es factible vía resolución administrativa en 0–2 años (apoyado por experiencia alemana).,Sí,Crear registro único REP es factible vía resolución administrativa en 0–2 años (apoyado por experiencia alemana).,,Ley + Plataforma (datos oficiales),"(Minambiente Colombia, para comparación)"
DEU-04,Alemania,Sí,Iniciativa “Circular Economy Initiative Deutschland” (Roadmap CE 2030),2019–2021 (hoja de ruta),Academia (acatech) c/ Min. Educación (BMBF),Cooperación público-privada (cluster innovación),No,No,Sí,Sí,No,No,No,"Manufactura, Electrónica, Química (pilotos)","Materiales, Residuos (metales, plásticos)",Triple hélice (industria-academia-gob.),Público + privado (mixto),–,"Publicó la Hoja de Ruta Economía Circular Alemania 2030 con 50+ recomendaciones. Proyectos demostrativos en baterías, plásticos y bioeconomía lanzados en paralelo. Sus insumos alimentaron la Estrategia Nacional Circular 2024.",N° recomendaciones adoptadas; iniciativas piloto lanzadas; % reducción potencial de recursos identificada,Barrera_Institucional: Falta de coordinación inicial entre sectores – se creó la iniciativa para alinear actores en ausencia de política única.,Barrera_Institucional,"Habilitador_Cooperación: Participación de 180 organizaciones (ministerios, empresas, ONGs) generó consenso amplio y compromiso multiactor con la economía circular.",Habilitador_Cooperación;Habilitador_Institucional;Habilitador_Político;Habilitador_Social,"Alta – En Chile, un consejo multiactor liderado por MMA/MinEconomía podría elaborar hoja de ruta circular con academia (ej. emulando acatech).",Alta,"En Chile, un consejo multiactor liderado por MMA/MinEconomía podría elaborar hoja de ruta circular con academia (ej. emulando acatech).",No – Elaborar una hoja de ruta nacional requiere 2+ años de diálogos técnicos antes de implementación.,No,Elaborar una hoja de ruta nacional requiere 2+ años de diálogos técnicos antes de implementación.,,Informe técnico (hoja de ruta),–
NLD-01,Países Bajos,Sí,Programa “Economía Circular en 2050” (Gobierno holandés),2016–2050 (metas 2030/50),Min. Infraestructura y Medio Amb. (IenW),Estrategia nacional de economía circular,No,Sí,No,No,No,No,No,"Construcción, Manufactura, Agro, Bienes consumo","Materiales, Residuos, Biomasa, Energía",Multinivel (gob. central + regiones),Público,Acuerdo de Materias Primas 2017,"Meta de reducir 50% el uso de materias primas vírgenes a 2030. Cinco “agendas de transición” sectoriales (plásticos, manufactura, construcción, biomasa, bienes consumo) implementadas desde 2018. En 2023, economía holandesa es ~24.5% circular (indicador de circularidad).",Consumo de materias primas (Mt); % economía circular (Circularity Gap); tasa reciclaje nacional (%),"Barrera_Estructural: Sectores clave (construcción, envases, tecnología) rezagados en circularidad – aumento de consumo material tras pandemia muestra insuficiencia de medidas actuales.",Barrera_Tecnológica,"Habilitador_Cooperación: Fuerte alianza público-privada mediante Green Deals y Pactos (180 actores firmaron el Acuerdo de Materias Primas) impulsa acciones coordinadas. Gobierno dispuesto a instrumentos más estrictos (normas, precios) para 2030.",Habilitador_Cooperación;Habilitador_Institucional,Alta – Estrategia similar es replicable; Chile puede fijar meta nacional de reducción de recursos y establecer agendas sectoriales con apoyo OECD/UE.,Alta,Estrategia similar es replicable; Chile puede fijar meta nacional de reducción de recursos y establecer agendas sectoriales con apoyo OECD/UE.,No – Requiere cambios sistémicos y compromisos de largo plazo hasta 2030/2050.,No,Requiere cambios sistémicos y compromisos de largo plazo hasta 2030/2050.,,Estrategia nacional (programa),"(PBL 2024, obstáculos)"
NLD-02,Países Bajos,Sí,Acuerdos “Green Deals” (paquetes de acuerdos voluntarios multisector),2011–2020 (varias rondas),Ministerio de Economía y Clima (EZK),Cooperación / Iniciativa público-privada,No,No,Sí,No,No,No,No,"Varios (Construcción, Agro, Energía, etc.)","Depende del acuerdo (ej. Energía, Materiales)",APP (acuerdos voluntarios Estado-empresas),Mixto (inversión privada c/ incentivos),–,"Más de 200 Green Deals firmados, abordando residuos de construcción, logística inversa, simbiosis industrial, etc. Caso destacado: Green Deal Circulaire Bouw (Construcción Circular) redujo residuos de demolición ~30% en proyectos piloto. Documentación transparente de resultados en informes PBL.",N° acuerdos firmados; toneladas de residuos reducidos por acuerdo; % empresas participantes,"Barrera_Voluntario: Implementación dependió de voluntad empresarial – algunos acuerdos carecieron de cumplimiento vinculante, limitando impacto agregado.",Barrera_Seguimiento,Habilitador_Social: Cultura de confianza y diálogo público-privado – los Green Deals facilitaron innovación y aprendizaje colaborativo en sectores donde la regulación formal tardaría.,Habilitador_Social;Habilitador_Tecnológico,"Media – Posible en Chile vía acuerdos de producción limpia sectoriales (ej. CO2, residuos), pero requiere seguimiento estricto para efectividad.",Media,"Posible en Chile vía acuerdos de producción limpia sectoriales (ej. CO2, residuos), pero requiere seguimiento estricto para efectividad.",Sí – Se puede lanzar convenios voluntarios en <2 años (ej. “Acuerdos Producción Circular”) aprovechando la experiencia chilena en Acuerdos de Producción Limpia (APL).,Sí,Se puede lanzar convenios voluntarios en <2 años (ej. “Acuerdos Producción Circular”) aprovechando la experiencia chilena en Acuerdos de Producción Limpia (APL).,(PBL recomendaciones),Reporte evaluativo (Think tank),–
NLD-03,Países Bajos,Sí,Contratación Pública Circular (Programa PIANOo/MVI),2013–presente,Rijkswaterstaat + PIANOo (agencia),Compra pública (política y guías técnicas),No,No,No,No,Sí,Sí,No,"Construcción, Bienes públicos (muebles, etc.)","Materiales, Energía (huella en infraestructura)",Triple hélice (gobierno-proveedores-acad.),Público,–,El gobierno holandés incorporó criterios circulares en €5.000 millones de compras (2019). Casos: licitaciones de carreteras reutilizando asfalto y puentes modulares redujeron un 30% el uso de materia prima. Holanda lidera índice de compras verdes en la UE.,% presupuesto público con criterios circulares; reducción estimada de CO₂ o materiales por compra,Barrera_Cultural: Reticencia inicial de compradores a usar criterios nuevos por desconocimiento del mercado circular.,Barrera_Cultural;Barrera_Mercado,Habilitador_Financiero: Apoyo del gobierno central con fondos y capacitaciones a municipios para implementar compras circulares; guía nacional unificada (PIANOo) facilita adopción masiva.,Habilitador_Financiero;Habilitador_Multinivel,Alta – Chile (ChileCompra) puede integrar criterios de circularidad en bases de licitación apoyado por experiencias piloto (ej. reciclaje en obras públicas).,Alta,Chile (ChileCompra) puede integrar criterios de circularidad en bases de licitación apoyado por experiencias piloto (ej. reciclaje en obras públicas).,Sí – Ajustes administrativos y capacitación en compras públicas verdes pueden implementarse en corto plazo (1–2 años).,Sí,Ajustes administrativos y capacitación en compras públicas verdes pueden implementarse en corto plazo (1–2 años).,,Política pública (informe gobierno),–
NLD-04,Países Bajos,Sí,Plataforma “National Circular Economy Dashboard” (monitoreo indicadores),2018–presente,PBL (Agencia Evaluación Ambiental),Datos/Traza (sistema monitoreo CE),No,No,No,No,No,No,Sí,Todos (economía nacional),"Materiales, Residuos, Emisiones",Colaboración (gob. + centros investigación),Público,–,Publica anualmente el Integral Circular Economy Report: la economía neerlandesa se mantuvo ~25% circular en 2023; identificó que solo 9% de plásticos se reciclan en circuito cerrado. Indicadores de brecha circular ayudan a ajustar políticas (ej. se evidenció que metas 2030 no se alcanzarán sin medidas adicionales).,Circularity Gap (%); tasa reciclaje por flujo; huella material per cápita,Barrera_Técnica: Desafíos en la recolección de datos de flujos complejos (ej. materiales importados en productos); algunas métricas requieren metodologías nuevas.,Barrera_Datos,Habilitador_Transparencia: Disponibilidad de datos abiertos y rigurosos ha generado presión pública y política para acelerar acciones (el monitoreo evidenció “brecha de circularidad”).,Habilitador_Político;Habilitador_Tecnológico;Habilitador_Transparencia,"Alta – Chile puede desarrollar un tablero de indicadores circular (INE/MMA) apoyado por CEPAL; datos existentes (residuos, materiales) pueden integrarse.",Alta,"Chile puede desarrollar un tablero de indicadores circular (INE/MMA) apoyado por CEPAL; datos existentes (residuos, materiales) pueden integrarse.",No – Requiere robustecer sistemas de información ambiental y coordinación interagencial antes de operativizar un dashboard nacional.,No,Requiere robustecer sistemas de información ambiental y coordinación interagencial antes de operativizar un dashboard nacional.,,"Informe técnico (PBL, monitoreo)",–
DNK-01,Dinamarca,Sí,Estrategia Nacional de Economía Circular (Dinamarca sin Desperdicio),2018–2022,Ministerio de Medio Ambiente,Estrategia nacional (plan de acción CE),No,No,No,No,No,No,No,"Manufactura, Construcción, Residuos","Residuos, Materiales, Agua",Cooperación (consejo asesor multiactor),Público (fondos DKK 80 mill.),–,Implementó 15 iniciativas: desde ecodiseño en manufactura hasta mejora de reciclaje municipal. Se lograron 800 nuevas empleos verdes y se redujeron ~30% los residuos plásticos incinerados en 2022. Creación de centros de reparación en 98 municipios.,N° iniciativas completadas; % reducción residuos incinerados; empleos verdes creados,Barrera_Regulatoria: Competencias municipales fragmentaron la implementación (cada comuna avanzó a ritmo distinto).,Barrera_Institucional;Barrera_Regulatoria;Barrera_Territorial,Habilitador_Cooperación: La Advisory Board público-privada formuló recomendaciones base; alineamiento con industria (ej. casos de simbiosis industrial apoyados por gobierno) dio legitimidad a la estrategia.,Habilitador_Cooperación,Alta – Estrategia integral con financiamiento acotado y proyectos piloto es replicable vía Plan Nacional de EC (Chile) articulado por MMA/Corfo.,Alta,Estrategia integral con financiamiento acotado y proyectos piloto es replicable vía Plan Nacional de EC (Chile) articulado por MMA/Corfo.,"No – Aunque muchas acciones administrativas son posibles, requiere presupuesto y coordinación nacional-subnacional.",No,"Aunque muchas acciones administrativas son posibles, requiere presupuesto y coordinación nacional-subnacional.",(perfil país EIONET),Estrategia nacional,–
DNK-02,Dinamarca,Sí,Simbiosis Industrial de Kalundborg,1972–presente (continuo),Municipio de Kalundborg / empresas,Cooperación empresarial (clúster eco-industrial),No,No,Sí,No,No,No,No,"Energía (termoeléctrica), Química, Agro","Subproductos, Energía, Agua",Simbiosis industrial (red intercambio),Privado (inversión empresas),–,"Pionero mundial: ~20 intercambios de materiales/energía entre 11 entidades. Ahorros anuales: 24 mil t de petróleo, 30 mil t CO₂. Reutiliza 98% del yeso de chimenea en fábrica de placas; recircula agua enfriamiento reduciendo 25% extracción hídrica local.",Toneladas insumo fósil ahorradas; t CO₂ evitadas/año; % agua reutilizada,"Barrera_Técnica: Coordinación de flujos dependió de estabilidad de empresas; si una planta cierra, rompe cadena (vulnerabilidad estructural).",Barrera_Institucional;Barrera_Tecnológica,Habilitador_Económico: Beneficios mutuos claros (reducción de costos de materias y tratamiento de residuos) impulsaron participación voluntaria contínua por 50 años. Apoyo municipal facilitó infraestructura compartida.,Habilitador_Multinivel;Habilitador_Social,Alta – Existen oportunidades de simbiosis Chile (ej. parques industriales en Antofagasta); requiere rol articulador de la agencia pública local (similar a municipio Kalundborg).,Alta,Existen oportunidades de simbiosis Chile (ej. parques industriales en Antofagasta); requiere rol articulador de la agencia pública local (similar a municipio Kalundborg).,Sí – Implementar un piloto de simbiosis en 1-2 polígonos industriales es factible en 2 años con bajo costo y alta visibilidad.,Sí,Implementar un piloto de simbiosis en 1-2 polígonos industriales es factible en 2 años con bajo costo y alta visibilidad.,(informe CORALIS EU),Caso emblemático (estudio),–
DNK-03,Dinamarca,Sí,Fondo Danés de Economía Circular e Innovación,2020–presente,Ministerio de Industria (EIFO),Financiero (fondo público-privado de inversión),No,Sí,No,No,No,No,No,Startups y Pymes en economía circular,"Materiales, Energía (proyectos innovadores)",APP (fondo coinvertido con sector priv.),Mixto (capital público + privado),–,"Asignó ~€20 millones a 50 proyectos (2020-2024), incl. tecnología de reciclaje químico y nuevos materiales de construcción. Por cada €1 público se movilizaron €3 privados. Se espera reducción de 70 mil t CO₂ eq al 2030 por proyectos financiados.",N° proyectos financiados; € movilizados; t CO₂ eq reducción estimada,Barrera_Financiera: Dificultad inicial de atraer capital privado en ciertos sectores percibidos de alto riesgo (ej. innovación en biomateriales).,Barrera_Financiera,"Habilitador_Innovación: Apalancamiento con fondos privados amplificó el impacto; el gobierno danés actuó como venture capital verde, reduciendo riesgo para innovadores.",Habilitador_Cooperación;Habilitador_Financiero;Habilitador_Tecnológico,"Media – Chile podría crear un fondo de coinversión circular con CORFO, pero dependerá de atraer inversionistas privados y definir nichos (no inmediato en escala).",Media,"Chile podría crear un fondo de coinversión circular con CORFO, pero dependerá de atraer inversionistas privados y definir nichos (no inmediato en escala).",No – Requiere estructuración financiera compleja y garantizada por el Estado; >2 años para operar plenamente.,No,Requiere estructuración financiera compleja y garantizada por el Estado; >2 años para operar plenamente.,(perfil país EIONET),Programa de financiamiento,–
ESP-01,España,Sí,Estrategia España Circular 2030,2020–2030,Ministerio para la Transición Ecol. (MITECO),Estrategia nacional (marco estratégico CE),No,No,No,No,No,No,No,"Construcción, Agro, Industria, Consumo","Materiales, Residuos, Agua, Energía",Cooperación (todos niveles gob. y empresas),Público,–,Fija 8 objetivos al 2030 (ej. reducir 15% generación de residuos respecto 2010; disminuir desperdicio alimentario 50%). A 2022: +100 iniciativas autonómicas alineadas; se logró reducir residuos municipales un 2% vs 2010. Creado Observatorio Español de Economía Circular para monitorear avances.,Kg residuos per cápita; % reducción desperdicio alimentos; tasa reutilización agua,Barrera_Institucional: Coordinación multinivel compleja – diferencias en capacidad entre Comunidades Autónomas generaron brechas en implementación territorial.,Barrera_Institucional;Barrera_Territorial,Habilitador_Político: Marco legal reciente (Ley 7/2022 de residuos) apoya la Estrategia con obligaciones concretas; fondos UE NextGen (€500 mill. en economía circular) impulsan proyectos regionales.,Habilitador_Financiero;Habilitador_Legal;Habilitador_Multinivel;Habilitador_Político,Alta – Chile puede adoptar metas nacionales similares (alineadas a OCDE) y apoyar gobiernos locales; ya cuenta con bases (Hoja de Ruta Economía Circular 2020).,Alta,Chile puede adoptar metas nacionales similares (alineadas a OCDE) y apoyar gobiernos locales; ya cuenta con bases (Hoja de Ruta Economía Circular 2020).,"No – Requiere alineación normativa y compromisos de mediano plazo coordinando con múltiples actores (regiones, sector privado).",No,"Requiere alineación normativa y compromisos de mediano plazo coordinando con múltiples actores (regiones, sector privado).",,Estrategia nacional,(anuncio estrategia CR)
ESP-02,España,Sí,Ley 7/2022 de Residuos y Suelos Contaminados para una Economía Circular,2022–vigente,MITECO / Gobierno de España,Regulatorio (ley marco residuos CE),Sí,No,No,No,No,No,No,"Envases, Plásticos de un solo uso, Varios","Residuos, Materiales, Energía (valorización)",(No aplica – regulación nacional),(No aplica),–,"Prohíbe plásticos de un solo uso específicos e introduce nuevos impuestos ecológicos (ej. €0,45/kg plástico no reutilizable). Obligó a instalar recogida separada de biorresiduos en todos los municipios a 2024. Espera reciclar 55% residuos municipales en 2025 (42% en 2020).",Tasa reciclaje (%); toneladas plástico de un solo uso evitadas; recaudación impuesto plástico (€),Barrera_Sectorial: Oposición inicial de industrias de plástico y autonomías por costos de adaptación; algunas demoras en despliegue de infraestrucura de biorresiduos.,Barrera_Económica;Barrera_Social,"Habilitador_Legal: Transpone objetivos UE obligatorios, dando certeza jurídica y homogenizando estándares en todo el país; incluye instrumentos económicos innovadores (impuestos) que generan incentivos reales.",Habilitador_Legal;Habilitador_Tecnológico,"Alta – Chile puede inspirarse en instrumentos económicos (impuesto a plásticos) y metas de reciclaje, ajustando normativa vigente (REP) sin requerir nueva ley marco.",Alta,"Chile puede inspirarse en instrumentos económicos (impuesto a plásticos) y metas de reciclaje, ajustando normativa vigente (REP) sin requerir nueva ley marco.","Sí – Varios elementos (restricciones a plásticos, incentivos fiscales) pueden implementarse vía reglamentos o modificaciones legales menores en corto plazo.",Sí,"Varios elementos (restricciones a plásticos, incentivos fiscales) pueden implementarse vía reglamentos o modificaciones legales menores en corto plazo.",,Ley nacional (residuos),–
ESP-03,España,Sí,PERTE Economía Circular (Proyecto Estratégico NextGen),2022–2026,MITECO + Ministerio Industria,Económico/Financiero (subvenciones competitivas),No,Sí,No,No,No,No,No,"Industria (textil, plástico, bienes de equipo)","Materiales, Residuos, Energía (procesos)",APP (consorcios empresas-gobierno),Público (fondos UE NextGen),–,"Dotado con €492 millones (2022-24), financia 186 proyectos empresariales de economía circular. Ej.: Proyecto en sector textil recuperando fibras (prevé aumentar 10% reciclaje textil para 2025). Al 2023 se habían comprometido €300 mill. en 112 proyectos, movilizando inversión total de €1.200 mill. Se estima creación de 1.700 empleos verdes.",€ ejecutados; N° proyectos financiados; inversión privada movilizada; empleos generados,"Barrera_Administrativa: Alta demanda – solicitudes superaron fondos 3 a 1, dejando buenos proyectos sin apoyo; trámites burocráticos ralentizaron adjudicación inicial.",Barrera_Administrativa;Barrera_Mercado,"Habilitador_Financiero: Disponibilidad de fondos UE a gran escala permitió abordar brechas de financiamiento histórico; concurrencia competitiva con criterios claros orientó recursos a sectores de mayor impacto (plásticos, textiles, RAEEs).",Habilitador_Cooperación;Habilitador_Financiero,"Media – Chile podría orientar fondos de desarrollo (Corfo/BID) a un PERTE local, pero a menor escala; exige coordinación interministerial y con privados.",Media,"Chile podría orientar fondos de desarrollo (Corfo/BID) a un PERTE local, pero a menor escala; exige coordinación interministerial y con privados.","No – Necesita asignación presupuestaria significativa y diseño de convocatorias, con plazos >2 años para ver resultados.",No,"Necesita asignación presupuestaria significativa y diseño de convocatorias, con plazos >2 años para ver resultados.",(residuosprofesional),Programa financiado (NextGen),–
ESP-04,España,Sí,Pacto por la Economía Circular (adhesión voluntaria empresas y ciudades),2017–2020,MITECO / MAPAMA,Cooperación (compromiso voluntario multisector),No,No,Sí,No,No,No,No,"Varios (200+ entidades: empresas, municipios)","Materiales, Residuos, Agua (según entidad)","Triple hélice (gob-central, local, priv.)",Mixto (sin fondos directos),–,"230 entidades firmantes (incl. 70 grandes empresas y 8 CCAA). Compartieron Circular best practices. Resultados cualitativos: mayor sensibilización empresarial; catalizó planes propios (ej. Estrategia Circular Madrid 2018). Sin embargo, impacto medible limitado por falta de metas vinculantes.",N° entidades adheridas; compromisos implementados (auto-reportados),"Barrera_Seguimiento: Al ser voluntario, faltó monitoreo riguroso de cumplimiento – difícil cuantificar resultados reales.",Barrera_Seguimiento,"Habilitador_Comunicación: Elevó perfil político del tema en 2017, creando masa crítica para posteriormente aprobar la Estrategia España Circular 2030. Facilitó intercambio de experiencias pioneras entre firmantes.",Habilitador_Político,"Media – Puede replicarse un pacto voluntario en Chile para reunir actores; útil para sensibilización inicial, pero debe complementarse con políticas obligatorias para impacto real.",Media,"Puede replicarse un pacto voluntario en Chile para reunir actores; útil para sensibilización inicial, pero debe complementarse con políticas obligatorias para impacto real.","Sí – Iniciativa de adhesión pública-privada se puede lanzar rápidamente vía MMA, creando compromiso visible sin requerir cambios normativos.",Sí,"Iniciativa de adhesión pública-privada se puede lanzar rápidamente vía MMA, creando compromiso visible sin requerir cambios normativos.",(MITECO),Declaración voluntaria,–
COL-01,Colombia,Sí,Estrategia Nacional de Economía Circular (ENEC),2019–2030,Min. Ambiente + Min. Desarrollo,Estrategia nacional (política pública CE),No,No,No,No,No,No,No,"Construcción, Agroindustria, Manufactura","Materiales, Residuos, Agua, Energía",Cooperación (pacto público-privado),Público (Gob. Nal.),CONPES 3934 (Política CE),"Prioriza 6 flujos (industriales, envases, biomasa, energía, agua, construcción) y 5 vehículos (EPR, nuevos negocios, parques eco, ciudades sostenibles, cadenas de valor). A 2022: 19 pactos regionales firmados y mesas sectoriales en textiles, biomasa, metales creadas. Tasa de reciclaje nacional ~12% (2022), meta 2030: 17.9%.",Tasa nacional de reciclaje %; N° pactos región/sector; % PIB circular estimado,Barrera_Operativa: Brecha de capacidades locales – implementación desigual en territorios por falta de recursos técnicos en algunos departamentos.,Barrera_Territorial,"Habilitador_Institucional: Enfoque inclusivo y participativo – construcción colectiva con academia, gremios y 19 departamentos generó apropiación. Integración con Plan Nal. Desarrollo asegura respaldo político.",Habilitador_Institucional;Habilitador_Multinivel;Habilitador_Político;Habilitador_Social,Alta – Colombia y Chile comparten contextos; Chile puede aprovechar estructura REP y experiencia OCDE para adoptar similares flujos prioritarios y mesas de trabajo multisectoriales.,Alta,Colombia y Chile comparten contextos; Chile puede aprovechar estructura REP y experiencia OCDE para adoptar similares flujos prioritarios y mesas de trabajo multisectoriales.,No – Implica coordinar múltiples sectores y regiones; requiere esfuerzos sostenidos y no se concreta en 2 años solo con voluntad administrativa.,No,Implica coordinar múltiples sectores y regiones; requiere esfuerzos sostenidos y no se concreta en 2 años solo con voluntad administrativa.,,Estrategia nacional (ENEC),"(Minambiente, resultados)"
COL-02,Colombia,Sí,Esquema REP para Envases & Empaques (Res. 1407/2018 y 1342/2020),2018–implementación 2021,Min. Ambiente (con ANDI),Regulatorio (Responsabilidad Extendida Prod.),Sí,No,No,No,No,No,No,"Envases plásticos, vidrio, metal, papel/cartón",Residuos (post-consumo envases),APP (sistemas colectivos industria),Privado (productores financian),–,"Todos los productores grandes adoptaron Planes de Gestión de Envases en 2021. En el primer año se recuperaron ≥200.000 toneladas de envases y empaques. La tasa nacional de reciclaje pasó de 8% (2015) a ~12% (2022), en parte gracias a REP.",Toneladas de envases recicladas; % reciclaje envases por material,"Barrera_Social: Difícil formalización de recicladores informales – integrar 50k recicladores al sistema ha sido lento, afectando la eficiencia de recolección selectiva.",Barrera_Datos;Barrera_Social,Habilitador_Legal: Marco jurídico robusto (resoluciones detalladas) y metas crecientes obligatorias dieron certeza a la industria; acompañamiento técnico de MinAmbiente y ANDI facilitó cumplimiento inicial.,Habilitador_Legal,Alta – Chile ya cuenta con REP para envases (2016) pero puede aprender de Colombia en inclusión de recicladores y metas graduales; la experiencia es plenamente relevante.,Alta,Chile ya cuenta con REP para envases (2016) pero puede aprender de Colombia en inclusión de recicladores y metas graduales; la experiencia es plenamente relevante.,"Sí – Ajustes en metas de recolección o esquemas de seguimiento se pueden hacer en corto plazo dentro del marco REP existente, apoyándose en lecciones colombianas.",Sí,"Ajustes en metas de recolección o esquemas de seguimiento se pueden hacer en corto plazo dentro del marco REP existente, apoyándose en lecciones colombianas.",,Regulación + reporte oficial,–
COL-03,Colombia,Sí,"Impuesto Nacional a Bolsas Plásticas (Ley 1819/2016, art. 207)",2017–vigente (ajuste 2020),Min. Hacienda / DIAN,Económico (instrumento fiscal verde),No,Sí,No,No,No,No,No,Comercio minorista (retail),"Materiales (plástico), Residuos",(No aplica) (política fiscal nacional),Público (recaudación fiscal),–,"Grava cada bolsa plástica entregada ($50 COP inicio, ajustable IPC). Resultado: consumo de bolsas plásticas cayó ~70% en grandes cadenas entre 2016-2020. Recaudación 2019: ~COP $10 mil millones, reinvertidos en programas ambientales locales.",N° bolsas plásticas consumidas; % reducción; ingresos fiscales (COP),Barrera_Política: Oposición inicial de fabricantes locales de bolsas; se mitigó gradualmente con transición y excepciones temporales para PYMEs.,Barrera_Social,"Habilitador_Ambiental: Medida simple y visible generó cambio cultural en consumidores rápidamente – “ya no se habla de basura, sino de recursos” se volvió mensaje nacional.",Habilitador_Social,"Alta – Chile podría implementar impuesto/gravamen a bolsas o plásticos de un solo uso (ya hay prohibiciones, pero un tributo podría reforzar comportamiento donde aún se usan, ej. bolsas reutilizables).",Alta,"Chile podría implementar impuesto/gravamen a bolsas o plásticos de un solo uso (ya hay prohibiciones, pero un tributo podría reforzar comportamiento donde aún se usan, ej. bolsas reutilizables).",Sí – Instrumentos fiscales verdes son viables vía ley de presupuesto o reforma tributaria menor; rápida implementación y efectos comprobados en corto plazo.,Sí,Instrumentos fiscales verdes son viables vía ley de presupuesto o reforma tributaria menor; rápida implementación y efectos comprobados en corto plazo.,,Ley fiscal (resultado reporte),(Ministro ambiente cita)
COL-04,Colombia,Sí,Programa Bioprospección & Valorización de Residuos Mineros (Piloto),2021–2023 (piloto),Min. Minas + Corp. Alta Ley (BID),Innovación (I+D piloto economía circular minería),No,Sí,No,Sí,No,No,No,"Minería (oro, cobre) en Antioquia","Relaves (colas minería), Agua",Triple hélice (gobierno-empresa-univers.),Mixto (BID + gobierno + mineras),–,"Piloto en Antioquia: recuperó 120 g de oro y 1,2 t de cobre de relaves, demostrando viabilidad técnica de extracción secundaria. Tratamiento de aguas ácidas de mina redujo 85% metales pesados en efluentes. Resultados alimentan política de minería circular en diseño (2025).",Toneladas de metal recuperado; % reducción contaminantes en agua; N° tecnologías validadas,Barrera_Tecnológica: Escalabilidad limitada – tecnologías de laboratorio enfrentan retos para aplicarse económicamente a gran escala sin subsidio.,Barrera_Financiera;Barrera_Tecnológica,"Habilitador_Cooperación: Apoyo técnico-financiero internacional (BID) más conocimiento local (universidades) permitió avanzar rápido; empresas mineras aportaron muestras y sitios de prueba, fomentando confianza en resultados.",Habilitador_Cooperación;Habilitador_Financiero,"Media – Chile tiene contextos similares (relaves); replicable vía pilotos con Codelco/Enami y apoyo internacional, aunque falta marco específico de “minería circular” en la institucionalidad.",Media,"Chile tiene contextos similares (relaves); replicable vía pilotos con Codelco/Enami y apoyo internacional, aunque falta marco específico de “minería circular” en la institucionalidad.",Sí – Proyectos demostrativos en minería (reprocesamiento de relaves en pequeña escala) podrían lanzarse vía Corfo/Alta Ley en 1-2 años y mostrar beneficios tangibles rápidamente.,Sí,Proyectos demostrativos en minería (reprocesamiento de relaves en pequeña escala) podrían lanzarse vía Corfo/Alta Ley en 1-2 años y mostrar beneficios tangibles rápidamente.,(estudio CEPAL),Piloto (informe técnico),–
MEX-01,México,Sí,Nueva Ley General de Economía Circular (pendiente promulgación),2025 (aprobada Congreso),SEMARNAT / Gobierno Federal,Regulatorio (ley marco nacional CE),Sí,No,No,No,No,No,No,"Todos (residuos sólidos urbanos, industrias)","Residuos, Materiales, Agua, Energía",Cooperación (Consejo Nacional EC),Público,Creará Programa Nal. EC,"Aprobada por el Senado el 11/12/2025. Establece: reducción de residuos (hoy 127 mil ton/día), creación del Programa Nacional de EC, Distintivo Nacional para productos circulares, responsabilidad extendida del productor a nivel federal. Se busca elevar la tasa de reciclaje nacional (actual 9-10%) hacia niveles OCDE (~30-50%).",Tasa nacional reciclaje (%); ton residuos diarios; N° empresas con distintivo EC,"Barrera_Institucional: Infraestructura deficiente – gran parte del país carece de sistemas de reciclaje y agua adecuados, lo que limita impacto inmediato (redes hidráulicas y rellenos sanitarios inoperantes señalados).",Barrera_Institucional;Barrera_Tecnológica,"Habilitador_Regulatorio: Marco legal integral dota al país de instrumentos coordinados (Programa Nacional, EPR unificado, reconocimiento recicladores); amplio consenso político – apoyo multipartidario en el Senado asegura continuidad.",Habilitador_Institucional;Habilitador_Legal;Habilitador_Político;Habilitador_Social,"Alta – Proveer un marco legal claro es clave también en Chile; Chile tiene ley REP pero carece de estrategia unificada EC por ley, iniciativa mexicana sirve de referencia para consolidación normativa.",Alta,"Proveer un marco legal claro es clave también en Chile; Chile tiene ley REP pero carece de estrategia unificada EC por ley, iniciativa mexicana sirve de referencia para consolidación normativa.",No – Implica proceso legislativo; en Chile tomaría >2 años aprobar ley similar. Mejor avanzar con reglamentos actuales antes de una ley marco.,No,Implica proceso legislativo; en Chile tomaría >2 años aprobar ley similar. Mejor avanzar con reglamentos actuales antes de una ley marco.,,Ley general (proyecto aprobado),"(debate Senado, detalles)"
MEX-02,México,Sí,Estrategia Nacional de Economía Circular (borrador SEMARNAT),2020–2024 (en desarrollo),SEMARNAT (pendiente adopción),Estrategia (propuesta de política CE),No,No,No,No,No,No,No,"Industria manufacturera, Residuos urbanos","Residuos, Materiales, Agua",Cooperación (consultas multi-actor),Público,–,"Documento en elaboración (con apoyo GIZ y ONU). Propone metas al 2030: elevar reciclaje de residuos al 20%, reducir generación per cápita 10%, impulsar mercados de secundarios. A 2023 realizó 5 talleres regionales y piloto de “municipio circular” en Jalisco. No oficializada aún, pero insumos incorporados en la nueva Ley General.",Tasa reciclaje prevista; kg residuos per cápita; N° municipios piloto,"Barrera_Política: Cambios de administración retrasaron aprobación – prioridad varió sexenalmente, dejando la estrategia sin adopción formal hasta ahora.",Barrera_Administrativa,"Habilitador_Internacional: Cooperación técnica (GIZ, UE) brindó experiencias comparadas y financiamiento para formulación; actores locales involucrados desde el diseño, generando capacidades desde antes de la implementación.",Habilitador_Cooperación;Habilitador_Financiero,Alta – Chile también desarrolló hoja de ruta CE (2021) con apoyo internacional; la experiencia mexicana refuerza importancia de formalizarla con cada gobierno para continuidad.,Alta,Chile también desarrolló hoja de ruta CE (2021) con apoyo internacional; la experiencia mexicana refuerza importancia de formalizarla con cada gobierno para continuidad.,"No – Si bien tener estrategia es útil, no es “quick win” por sí misma; su valor depende de implementación sostenida y alineamiento interministerial a mediano plazo.",No,"Si bien tener estrategia es útil, no es “quick win” por sí misma; su valor depende de implementación sostenida y alineamiento interministerial a mediano plazo.",(UNA Comunicados),Estrategia (borrador técnico),–
MEX-03,México,Sí,Ley de Economía Circular de la Ciudad de México,2023–vigente,Gobierno Ciudad de México (SEDEMA),Regulatorio (nivel subnacional),Sí,No,No,No,No,No,No,"Envases, Residuos Sólidos Urbanos (CDMX)","Residuos, Materiales (ciudad)",(No aplica – regulación local),Público (CDMX),–,"Primera ley subnacional de EC en AL. Establece metas: cero basura en rellenos al 2030, reciclaje 50%, economía circular inclusiva. Crea el Consejo Consultivo de EC en CDMX. En primer año (2023-24): inversión MXN $300 mill. en infraestructura de reciclaje y compostaje, reducción de ~8% residuos enviados a relleno (vs 2021).",% residuos CDMX reciclados; ton desviadas de relleno; presupuesto ejecutado,"Barrera_Financiera: Necesidad de recursos para infraestructura – ciudades satélite que usan rellenos comunes no cuentan con igual inversión, limitando alcance metropolitano.",Barrera_Financiera;Barrera_Tecnológica,Habilitador_Local: Autonomía y liderazgo de CDMX impulsan innovaciones más rápido que a nivel federal; la ley sirvió de piloto normativo cuyos aprendizajes informaron la discusión nacional.,Habilitador_Legal;Habilitador_Multinivel;Habilitador_Tecnológico,"Media – Ciudades grandes en Chile (Santiago) podrían impulsar ordenanzas avanzadas de EC; sin embargo, la coordinación con municipios periféricos y financiamiento puede ser desafiante.",Media,"Ciudades grandes en Chile (Santiago) podrían impulsar ordenanzas avanzadas de EC; sin embargo, la coordinación con municipios periféricos y financiamiento puede ser desafiante.","Sí – A nivel municipal/regional se pueden dictar ordenanzas y planes circulares en 1-2 años, obteniendo resultados tangibles en gestión de residuos locales rápidamente.",Sí,"A nivel municipal/regional se pueden dictar ordenanzas y planes circulares en 1-2 años, obteniendo resultados tangibles en gestión de residuos locales rápidamente.",(Ley CDMX extracto),Ley subnacional (CDMX),–
URY-01,Uruguay,Sí,Ley 19.829 “Gestión Integral de Residuos” y Economía Circular,2019–vigente,Ministerio Ambiente (MA) / Parlamento,Regulatorio (ley marco residuos),Sí,No,No,No,No,No,No,Residuos sólidos urbanos e industriales,"Residuos, Materiales, Energía (valorización)",(No aplica – legislación),Público (fondos estatales),Plan Nal. Gestión Residuos,"Primera ley de residuos de Uruguay. Incluye Responsabilidad Extendida del Productor (desde 2021) en envases, neumáticos, electrónicos. Logros: tasa de reciclaje nacional pasó de 4% a 5.7% (2018-2022); eliminación gradual de vertederos a cielo abierto en 8 departamentos. Creado el Plan Nacional “Uruguay +Circular” 2021-2025 que operacionaliza la ley.",% residuos reciclados; N° vertederos clausurados; N° flujos con REP implementado,Barrera_Social: Baja separación en origen por ciudadanía – desafíos culturales ralentizan alcance de metas de reciclaje.,Barrera_Cultural;Barrera_Social,"Habilitador_Legal: Marco legal integrador generó certidumbre y atrajo cooperación internacional (UE, BID) para apoyar implementación; la ley exige Plan Nacional con indicadores, asegurando continuidad gubernamental.",Habilitador_Cooperación;Habilitador_Financiero;Habilitador_Legal,Alta – Uruguay demuestra que una ley de residuos puede incluir EC explícitamente; Chile podría reforzar su normativa con más obligaciones de valorización y planes nacionales.,Alta,Uruguay demuestra que una ley de residuos puede incluir EC explícitamente; Chile podría reforzar su normativa con más obligaciones de valorización y planes nacionales.,No – Cambios legales amplios requieren trámite legislativo; en Chile es más rápido implementar reglamentos bajo ley actual y pilotear mejoras antes de una nueva ley.,No,Cambios legales amplios requieren trámite legislativo; en Chile es más rápido implementar reglamentos bajo ley actual y pilotear mejoras antes de una nueva ley.,,Ley nacional (residuos),(Switch/UE informe)
URY-02,Uruguay,Sí,Programa “Uruguay + Circular” (ANDE + Proyecto Biovalor),2018–2022,Agencia Nal. Desarrollo (ANDE),Cooperación / Innovación (proyecto GEF),No,No,Sí,Sí,No,No,No,"Agroindustria (ganadería, lácteos), Energía","Biomasa, Residuos orgánicos, Energía",APP (Gobierno-ONUDI-empresas),Internacional (GEF/UNIDO),–,"Proyecto Biovalor: Transformación de residuos agro en energía y abonos. Resultados: 100.000 t/año de residuos orgánicos valorizados (compost, biogás); reducción de 2.150 tCO₂e/año. Se implementaron 4 plantas piloto de biogás en tambos y feedlots. Fortaleció 30 emprendimientos locales en economía circular.",Toneladas residuos orgánicos valorizados; tCO₂e evitadas; N° plantas piloto operando,"Barrera_Mercado: Fluctuación de precios de energía dificultó viabilidad comercial de biogás sin subsidios, limitando escalamiento tras pilotos.",Barrera_Económica;Barrera_Financiera;Barrera_Mercado,"Habilitador_Técnico: Sinergia interinstitucional (Ministerios de Industria, Ambiente y Ganadería) con apoyo de cooperación internacional aportó know-how y financió tecnología; las capacitaciones del programa crearon capital humano local especializado.",Habilitador_Cooperación;Habilitador_Financiero;Habilitador_Institucional;Habilitador_Tecnológico,"Alta – Chile (Agencia Sostenibilidad/Corfo) podría replicar un programa de valorización de residuos agroindustriales con GEF/GIZ, dada similitud de sectores (lechería, forestal).",Alta,"Chile (Agencia Sostenibilidad/Corfo) podría replicar un programa de valorización de residuos agroindustriales con GEF/GIZ, dada similitud de sectores (lechería, forestal).","Sí – Proyectos demostrativos de bioenergía y compostaje a escala local pueden lanzarse rápidamente con cooperación externa, mostrando beneficios y creando casos de éxito en <2 años.",Sí,"Proyectos demostrativos de bioenergía y compostaje a escala local pueden lanzarse rápidamente con cooperación externa, mostrando beneficios y creando casos de éxito en <2 años.",,Informe final programa (MIEM),"(Switch UE, contexto)"
URY-03,Uruguay,Sí,Premio Uruguay Circular (sensibilización y reconocimiento),2019–presente (anual),Ministerio Industria + ONUDI,Cooperación (campaña y concurso nacional),No,No,Sí,No,No,No,No,"Todos (empresas, ONGs, gobiernos locales)","Materiales, Residuos (casos variados)",Triple hélice (jurado público-priv-ONG),Mixto (público + cooperación),–,"Desde 2019, 5 ediciones. Reconoce buenas prácticas: en 2023 se postularon 75 empresas con iniciativas circulares (record). Ha visibilizado proyectos exitosos (p.ej. cooperativa reciclando 500 ton residuos electrónicos/año) y facilitado su replicabilidad. El premio creó comunidad de práctica y difunde resultados en foros internacionales.",N° postulaciones por año; ton residuos gestionados por proyectos ganadores,"Barrera_Impacto: Difícil medir impacto agregado nacional – es principalmente difusión, no asegura escalamiento de todas las iniciativas premiadas.",,"Habilitador_Cultural: Ha elevado la conciencia y motivación en el sector privado y emprendedor; el reconocimiento público incentiva a más actores a sumarse a la economía circular, alineando esfuerzos voluntariamente.",Habilitador_Social,"Alta – Una iniciativa análoga en Chile (Premio EC) podría catalizar y visibilizar innovaciones existentes, complementando políticas duras con motivación “blanda”.",Alta,"Una iniciativa análoga en Chile (Premio EC) podría catalizar y visibilizar innovaciones existentes, complementando políticas duras con motivación “blanda”.","Sí – Es relativamente sencillo instaurar un premio anual MMA/Corfo en 1 año, con apoyo de redes internacionales, para generar quick wins reputacionales y estimular actores locales.",Sí,"Es relativamente sencillo instaurar un premio anual MMA/Corfo en 1 año, con apoyo de redes internacionales, para generar quick wins reputacionales y estimular actores locales.",(TerritorioCircular),Comunicación (web oficial premio),–
CRI-01,Costa Rica,Sí,Estrategia Nacional de Economía Circular 2023–2050 (ENEC-CR),2023–2050,Ministerio Ambiente y Energía (MINAE),Estrategia nacional (visión largo plazo CE),No,No,No,No,No,No,No,"Agroindustria, Turismo, Residuos urbanos","Materiales, Residuos, Agua, Energía","Cooperación (gobierno, empresa, academia)",Público (y coop. GIZ),–,"Lanzada en 2023 con horizonte 2050. Objetivo: competitividad y resiliencia vía circularidad de todos los recursos. Propone 9R (rechazar, rediseñar... reciclar) y adopción de REP. Al 2025: establecer sistema nacional de indicadores CE y 5 demostrativos en sectores prioritarios. Aún no se reportan resultados, dado su reciente adopción.",N° iniciativas piloto implementadas; marco de indicadores operando (sí/no),Barrera_Financiera: Limitaciones presupuestarias internas podrían ralentizar implementación completa sin financiamiento externo sostenido.,Barrera_Financiera,Habilitador_Político: Fuerte alineación con la agenda de descarbonización 2050 y apoyo de la cooperación alemana (GIZ) dan impulso inicial y credibilidad técnica a la estrategia.,Habilitador_Cooperación;Habilitador_Financiero;Habilitador_Político,"Alta – Costa Rica ofrece modelo integrador ambiente-economía; Chile puede beneficiarse de enfoque 9R y combinarlo con su Estrategia Climática, replicando sinergias entre circularidad y metas carbono neutralidad.",Alta,"Costa Rica ofrece modelo integrador ambiente-economía; Chile puede beneficiarse de enfoque 9R y combinarlo con su Estrategia Climática, replicando sinergias entre circularidad y metas carbono neutralidad.","No – Estrategias de tan largo plazo requieren institucionalización y recursos constantes, no generarán “victorias rápidas” en 0–2 años por sí solas.",No,"Estrategias de tan largo plazo requieren institucionalización y recursos constantes, no generarán “victorias rápidas” en 0–2 años por sí solas.",,Estrategia nacional (ENEC-CR),"(GlobalFactor, anuncio)"
CRI-02,Costa Rica,Sí,Plan Nacional de Descarbonización 2018–2050,2019–2050,MINAE / Gobierno de Costa Rica,Estrategia climática (incluye economía circular),No,Sí,No,No,No,No,No,"Energía, Transporte, Residuos, Agro","Energía, Agua, Materiales (vía emisiones)",Cooperación (interministerial),Público + cooperación,–,"Plan emblemático con 10 ejes. Eje 8 (residuos) promueve economía circular y valorización: meta 2050 de valorización del 100% residuos orgánicos. Al 2022: 99.2% de electricidad de fuentes renovables, avance en movilidad eléctrica (>5.000 vehículos eléctricos circulando). Proyectos de compostaje municipal pilotos en 15 cantones redujeron ~20% residuos enviados a relleno.",% energía renovable; # vehículos eléctricos; % residuos orgánicos valorizados,"Barrera_Tecnológica: En transporte pesado y ciertos procesos industriales la tecnología limpia/circular aún no está disponible o es muy costosa, retrasando metas intermedias.",Barrera_Económica;Barrera_Tecnológica,"Habilitador_País: Visión país compartida en carbono neutralidad y liderazgo ambiental histórico de CR crean entorno favorable – sector privado y ciudadanía apoyan en general las acciones verdes, facilitando implementación transversal.",Habilitador_Social,Media – Chile tiene su Estrategia Climática a 2050; la experiencia tica muestra importancia de integrar circularidad en dicha planificación (ej. metas de residuos). Chile puede replicar algunas acciones de corto plazo (p.ej. pilotos de compostaje).,Media,Chile tiene su Estrategia Climática a 2050; la experiencia tica muestra importancia de integrar circularidad en dicha planificación (ej. metas de residuos). Chile puede replicar algunas acciones de corto plazo (p.ej. pilotos de compostaje).,No – Transformaciones en energía y sistemas productivos requieren plazos largos; no son quick wins inmediatos aunque orientan políticas.,No,Transformaciones en energía y sistemas productivos requieren plazos largos; no son quick wins inmediatos aunque orientan políticas.,,Estrategia nacional (clima),–
CRI-03,Costa Rica,Sí,Pago por Servicios Ambientales (PSA Bosques),1997–presente,Fondo Nacional Financiamiento Forestal (FONAFIFO),Económico (incentivo financiero ambiental),No,Sí,No,No,No,No,No,"Forestal, Agua (cuencas hidro), Agroforestería","Agua (calidad/cantidad), Subproductos (madera)","APP (fondo público-privado, usuarios pagan)",Mixto (impuesto combustibles + coop internac.),–,"Pionero mundial en PSA: ha destinado >USD $500 mill. a propietarios por conservar ~1,8 millones ha de bosques 1997-2022. Resultado: aumento de cobertura boscosa de 42% a >52% del territorio nacional (1990-2020) y protección de cuencas hídricas clave. Ha involucrado a compañías hidroeléctricas y embotelladoras cofinanciando la conservación por garantizar agua.",Ha protegidas bajo PSA; % territorio forestal; $ pagos anuales,"Barrera_Sostenibilidad: Dependencia de financiamiento (impuesto a combustibles fósiles 3.5%) – ingresos pueden disminuir con transición energética, creando desafío para mantener fondos PSA en el largo plazo.",Barrera_Financiera,"Habilitador_Social: Alto reconocimiento del valor natural en CR – el PSA goza de legitimidad pública, y ha logrado sinergias con comunidades locales (empleo rural) y cooperación (ej. programa conjunto con Alemania KfW) fortaleciendo su continuidad.",Habilitador_Cooperación;Habilitador_Financiero;Habilitador_Multinivel,"Media – Si bien Chile tiene menos tradición de PSA, podría implementar esquemas focalizados (ej. cuencas críticas para agua potable) inspirados en CR; replicabilidad parcial en corto plazo con pilotos locales.",Media,"Si bien Chile tiene menos tradición de PSA, podría implementar esquemas focalizados (ej. cuencas críticas para agua potable) inspirados en CR; replicabilidad parcial en corto plazo con pilotos locales.","Sí – Pilotos de PSA hídrico en cuencas (pago a propietarios aguas arriba) podrían lanzarse en 1-2 años vía convenios con empresas sanitarias, mostrando beneficios tangibles rápido.",Sí,"Pilotos de PSA hídrico en cuencas (pago a propietarios aguas arriba) podrían lanzarse en 1-2 años vía convenios con empresas sanitarias, mostrando beneficios tangibles rápido.",,Programa (política pública),–
ARG-01,Argentina,No,Programa Nacional “PRECICLO” (Fortalecimiento de la EC Inclusiva),2021–vigente,Min. Ambiente y Desarrollo Sost. (MAyDS),Cooperación (articulación comunidades),No,No,Sí,No,No,No,No,"Residuos domiciliarios (municipal), Reciclaje urbano","Residuos, Materiales (reciclables)",Triple hélice (gob.nacional-municipios-coop recicladores),Público (fondos MAyDS),–,"Creado por Res. 290/2021 para inclusión de recuperadores urbanos. Objetivos: sustituir tracción a sangre, mejorar recolección diferenciada, aumentar reciclaje en barrios populares. 2022: 36 municipios beneficiados con equipamiento (camiones, centros acopio); ~5.000 recicladores formados en gestión integral. Aún no hay cifras nacionales de aumento de reciclaje atribuibles directamente.",N° municipios participantes; N° recicladores integrados/formados; ton materiales recuperados en municipios piloto,Barrera_Federal: La gestión de residuos es municipal – coordinación Nación-municipios ha sido heterogénea; algunos municipios avanzan lento por capacidades técnicas limitadas.,Barrera_Institucional;Barrera_Territorial,"Habilitador_Social: Enfoque inclusivo con perspectiva de género y economía popular generó apoyo de ONG y cooperativas; el programa empodera recicladores, mejorando condiciones laborales y reconocimiento social del oficio.",Habilitador_Cooperación;Habilitador_Social,"Alta – Aborda problemática presente en Chile (recicladores de base, segregación informal). Chile puede adaptar un programa similar vía MMA+Municipios para fortalecer reciclaje inclusivo rápidamente.",Alta,"Aborda problemática presente en Chile (recicladores de base, segregación informal). Chile puede adaptar un programa similar vía MMA+Municipios para fortalecer reciclaje inclusivo rápidamente.","Sí – Con poca inversión, se pueden dotar municipios pilotos con infraestructura básica y formalizar recicladores en 1-2 años (alineado con Estrategia Residuos Chile).",Sí,"Con poca inversión, se pueden dotar municipios pilotos con infraestructura básica y formalizar recicladores en 1-2 años (alineado con Estrategia Residuos Chile).",,Resolución MAyDS + comunicado,–
ARG-02,Argentina,No,Proyecto Ley de Envases con Inclusión Social (en debate legislativo),2021–? (no aprobado aún),MAyDS / Congreso Nacional,Regulatorio (proyecto de ley EPR envases),Sí,No,No,No,No,No,No,Envases y empaques (post-consumo),"Residuos (envases), Materiales reciclables",Cooperación (enfoque inclusión recicladores),(No aplica – proyecto ley),–,"Buscaba crear un régimen nacional REP para envases, con tasa ambiental a productores para financiar infraestructura y cooperativas de recicladores. Contaba con apoyo de 200 cooperativas, pero enfrentó lobby industrial y no logró votación en 2022. Sin resultados, expuso barreras políticas para EC en Argentina.",(No aplica – no implementado),"Barrera_Política: Fuerte oposición de sectores empresariales y falta de consensos frenaron su aprobación, evidenciando dificultad para reformas ambientales ambiciosas sin acuerdo multi-actor.",Barrera_Social,Habilitador_Social: Amplio respaldo de la sociedad civil y recicladores organizados mostró demanda por soluciones inclusivas; sentó bases para reincorporar el tema en la agenda futura con mayor conciencia pública.,Habilitador_Social,"Media – Ilustra que la replicabilidad requiere trabajo previo de consenso. En Chile la Ley REP ya es vigente para envases, evitando este escollo; no obstante, incluye la lección de integrar a recicladores en la operación del REP.",Media,"Ilustra que la replicabilidad requiere trabajo previo de consenso. En Chile la Ley REP ya es vigente para envases, evitando este escollo; no obstante, incluye la lección de integrar a recicladores en la operación del REP.",No – No corresponde a quick win pues no se concretó; más bien es una señal de cautela sobre cómo implementar instrumentos REP con componente social sin generar oposición que retrase la política.,No,No corresponde a quick win pues no se concretó; más bien es una señal de cautela sobre cómo implementar instrumentos REP con componente social sin generar oposición que retrase la política.,,Proyecto de ley (no oficializado),–
ARG-03,Argentina,No,Economía Circular en Ciudades (Ej: Estrategia CE Ciudad de Buenos Aires),2020–2035 (CABA),Gobierno CABA (Agencia Ambiente),Estrategia subnacional (ciudad),No,No,No,No,No,No,No,"Construcción, Residuos Urbanos, Consumo","Residuos, Materiales, Energía (urbano)",Cooperación (ciudad-ONG-empresas),Público (ciudad),–,"Buenos Aires lanzó Estrategia BA Circular en 2020: metas a 2035 de basura cero en relleno, reciclaje 80% residuos secos. Logros intermedios: instalación de 16 plantas de reciclaje barrial, compostaje de 100 t/mes de orgánicos (2022), y normativa de construcción sustentable que reutiliza 15% materiales en obras públicas. La ciudad logró reducir 30% envío de RSU a relleno 2014-2021.",% residuos BA reciclados; ton compost producida; % residuos construcción reutilizados en obras,"Barrera_Jurisdiccional: La coordinación con el conurbano bonaerense es compleja – la ciudad depende de rellenos fuera de su jurisdicción, limitando impacto si el Área Metropolitana no adopta medidas similares.",Barrera_Institucional,"Habilitador_Local: Liderazgo político local y presión ciudadana por ambiente han permitido innovar (ej. “Camión Verde” de reciclaje, alianza con cooperativas Urbanores). El éxito de BA inspiró a otras ciudades argentinas a iniciar planes circulares.",Habilitador_Cooperación;Habilitador_Político;Habilitador_Social;Habilitador_Tecnológico,Alta – Grandes urbes chilenas pueden emular planes integrales de economía circular urbana (Santiago ya explora basura cero). Adaptar experiencias de BA es factible dado contexto urbano comparable.,Alta,Grandes urbes chilenas pueden emular planes integrales de economía circular urbana (Santiago ya explora basura cero). Adaptar experiencias de BA es factible dado contexto urbano comparable.,"Sí – A nivel ciudad se pueden implementar nuevas infraestructuras de valorización y normativas de construcción en <2 años, generando reducciones de residuos a corto plazo en áreas metropolitanas.",Sí,"A nivel ciudad se pueden implementar nuevas infraestructuras de valorización y normativas de construcción en <2 años, generando reducciones de residuos a corto plazo en áreas metropolitanas.",(Estrategia CABA),Estrategia local (CABA),–
BRA-01,Brasil,No,Estratégia Nacional de Economia Circular (ENEC Brasil) & Plano Nacional,2024 (Decr. 12.082/24) –,Ministério Desenvolvimento (MDIC),Regulatorio + Estrategia (decreto y plan),Sí,No,No,No,No,No,No,"Industria, Agro, Ciudades (multisector)","Materiales, Residuos, Agua, Energía",Triple hélice (foro nac. multi-actor),Público (fed. + part. privada),Plan Nal. EC 2025–2034,"Decreto 12.082/2024 instituyó la ENEC. En mayo 2025 se aprobó el Plano Nacional de EC 2025-2034 con 71 acciones en 5 ejes (normativa, innovación, eficiencia recursos, finanzas verdes, inclusión social). Más de 1.600 aportes en consulta pública. Prevé planes sectoriales (alimentos, automotriz, siderurgia, etc.). 85% de industrias brasileñas ya adoptan al menos una práctica circular.",N° acciones implementadas; N° planes sectoriales publicados; % industrias con prácticas CE,Barrera_Federativa: Coordinación en país de tamaño continental – variabilidad entre estados en capacidad para implementar acciones CE; se requerirá fuerte articulación interfederativa (reconocida en el plan).,Barrera_Institucional;Barrera_Territorial,"Habilitador_Político: Alto compromiso gubernamental interministerial – participación activa de Min. Ambiente, Industria, Hacienda, etc., integró CE en múltiples agendas públicas. Además, el lanzamiento coincidió con WCEF 2025 en Brasil, dando impulso internacional y visibilidad.",Habilitador_Institucional;Habilitador_Político;Habilitador_Social,Alta – La estrategia BR ofrece modelo integral con participación social amplia; Chile puede inspirarse en su enfoque multinivel e incluir ejes de financiamiento e inclusión social en su hoja de ruta.,Alta,La estrategia BR ofrece modelo integral con participación social amplia; Chile puede inspirarse en su enfoque multinivel e incluir ejes de financiamiento e inclusión social en su hoja de ruta.,"No – Desplegar un plan nacional con decenas de acciones y coordinar múltiples ministerios no es un quick win, sino un proceso a mediano plazo; conviene priorizar acciones específicas como quick wins en vez de todo el plan de golpe.",No,"Desplegar un plan nacional con decenas de acciones y coordinar múltiples ministerios no es un quick win, sino un proceso a mediano plazo; conviene priorizar acciones específicas como quick wins en vez de todo el plan de golpe.",,Decreto + Plan nacional,(artículo Movimiento Circular)
BRA-02,Brasil,No,Política Nacional de Residuos Sólidos (PNRS) – Ley 12.305,2010–vigente,Ministério do Meio Ambiente (MMA),Regulatorio (ley de residuos con EPR),Sí,No,No,No,No,No,No,"Residuos urbanos, Envases, Electrónicos","Residuos, Materiales, Energía (recuperación)",Cooperación (acuerdos setoriales EPR),Mixto (público + sector privado),–,"Ley pionera en AL: estableció principios de economía circular (3R) y responsabilidad compartida. Implementación: 2012-2020 firmados 12 acuerdos sectoriales (envases, electrodomésticos, lámparas, etc.). La tasa de reciclaje de envases urbanos ~22% (2020). Se clausuraron ~1.600 basurales a cielo abierto (2010-2020). Reconocimiento formal de catadores (recicladores) integrándolos en cadenas de valor.",% residuos reciclados; N° acuerdos sectoriales firmados; N° vertederos cerrados,Barrera_Implementación: Cumplimiento dispar – algunos objetivos (cierre total de basurales para 2014) no se lograron en plazo por falta de recursos en municipios pequeños.,Barrera_Seguimiento;Barrera_Territorial,Habilitador_Legal: Marco amplio obligó a desarrollar infraestructura de residuos en todo Brasil; la inclusión de recicladores via cooperativas (ej. en acuerdo envases) mejoró eficiencia y justicia social.,Habilitador_Cooperación;Habilitador_Legal;Habilitador_Social,"Alta – Chile ya tiene Ley REP inspirada en PNRS; seguir fortaleciendo su implementación tomando lecciones de Brasil (importancia de financiamiento a municipios, formalización recicladores) es totalmente pertinente.",Alta,"Chile ya tiene Ley REP inspirada en PNRS; seguir fortaleciendo su implementación tomando lecciones de Brasil (importancia de financiamiento a municipios, formalización recicladores) es totalmente pertinente.","No – PNRS muestra que resultados toman años; quick wins deben buscarse en acciones puntuales (no en la ley en sí, que es de alcance amplio y largo plazo).",No,"PNRS muestra que resultados toman años; quick wins deben buscarse en acciones puntuales (no en la ley en sí, que es de alcance amplio y largo plazo).",,Ley nacional (residuos),–
BRA-03,Brasil,No,Iniciativa “Mineração Circular” (Vale & Ministerio de Minas),2019–presente (programa),Ministerio de Minas + IBRAM (sector),Innovación/Cooperación (iniciativa sectorial),No,No,Sí,Sí,No,No,No,"Minería (mineral de hierro, metales)","Relaves y residuos mineros, Agua",APP (empresas mineras + gob. e inst. inv.),Privado (Vale + fondos sector),–,"Empresas líderes (Vale, Nexa) invierten en proyectos de reuso de relaves: ej. Vale construyó primer depósito “cero relave líquido” con filtración; lanzó productos comerciales a partir de residuos mineros (ej. relleno de construcción). En 2025 IBRAM reportó >30 iniciativas de economía circular en minería. Reducción proyectada de 5% en generación de relaves 2020-2025 gracias a nuevas tecnologías.",N° iniciativas CE en minería; % relaves reutilizados; m³ agua reutilizada,"Barrera_Técnica: Limitantes en I+D – algunas soluciones (e.g. uso masivo de relaves en cemento) están en fase piloto, no probadas a gran escala, frenando mayor aprovechamiento inmediato.",,Habilitador_Empresarial: La gran minería brasileña ve valor en circularidad por competitividad – altos costos de disposición forzaron innovación. Colaboración con centros de investigación nacionales (CETEM) acelera desarrollo de tecnologías adecuadas.,Habilitador_Tecnológico,"Alta – Chile, con su sector minero, puede adaptar estas experiencias: reutilización de relaves en materiales de construcción o extracción de elementos de valor. La colaboración público-privada es replicable vía clúster minero-circular.",Alta,"Chile, con su sector minero, puede adaptar estas experiencias: reutilización de relaves en materiales de construcción o extracción de elementos de valor. La colaboración público-privada es replicable vía clúster minero-circular.","Sí – Identificar 1-2 faenas para piloto de “minería circular” (ej. relaves como insumo en camino) es viable en corto plazo con apoyo de empresas y centros locales, generando caso demostrativo rápido.",Sí,"Identificar 1-2 faenas para piloto de “minería circular” (ej. relaves como insumo en camino) es viable en corto plazo con apoyo de empresas y centros locales, generando caso demostrativo rápido.",,Informe sectorial (IBRAM),"(Cofecon, reflexión sector)"
PER-01,Perú,No,Hoja de Ruta de Economía Circular en Industria Manufacturera y Comercio (DS 018-2025-PRODUCE),2025–2030,Ministerio de la Producción + Minam,Estrategia sectorial (industria y comercio),No,No,No,No,No,No,No,"Manufactura, Comercio interno, MIPYMEs","Materiales, Residuos, Energía (eficiencia)","Cooperación (público-privada, Cumbre Circular)",Público + cooperación UE,–,Lanzada en I Cumbre Produce Circular (12/08/2025). Plantea transformar residuos industriales en nuevas materias primas. Meta destacada: crear >300 mil empleos verdes a 2030. Enfoque en MIPYMEs – facilita acceso a tecnologías y financiamiento sostenible. Resultados iniciales: compromisos de inversión privada en economía circular por USD 40 millones anunciados tras la Cumbre. Espera reducir 20% residuos industriales al 2030.,N° empleos verdes proyectados; % reducción residuos industriales; N° MIPYMEs asistidas,Barrera_Operativa: Necesidad de transferir tecnología a MIPYMEs – muchas carecen de capacidades para adoptar procesos circulares sin asistencia técnica continua.,Barrera_Tecnológica,"Habilitador_Político: Trabajo conjunto Minam-Produce (ambiente + industria) muestra alineamiento de políticas; apoyo internacional (UE, Alemania) provee know-how y fondos semilla, aumentando viabilidad de implementación temprana.",Habilitador_Financiero;Habilitador_Político,"Alta – Sector manufacturero chileno (Corfo) puede emular una hoja de ruta enfocada en pymes industriales, con meta de empleos verdes. La colaboración interministerial es replicable dado marco actual de producción limpia en Chile.",Alta,"Sector manufacturero chileno (Corfo) puede emular una hoja de ruta enfocada en pymes industriales, con meta de empleos verdes. La colaboración interministerial es replicable dado marco actual de producción limpia en Chile.","No – Aunque contiene acciones concretas, su implementación toma tiempo y depende de cambios tecnológicos; no generará quick win inmediato salvo quizás pilotos aislados.",No,"Aunque contiene acciones concretas, su implementación toma tiempo y depende de cambios tecnológicos; no generará quick win inmediato salvo quizás pilotos aislados.",,Decreto Supremo + Plan,(discurso ministerial)
PER-02,Perú,No,Hoja de Ruta Nacional de Economía Circular al 2030 (multi-sector),2020–2030,Ministerio del Ambiente (MINAM),Estrategia nacional (marco transversal),No,No,No,No,No,No,No,"Manufactura, Agro, Ciudades (residuos)","Materiales, Residuos, Agua, Energía",Cooperación (Gob. + UE + GIZ),Público + cooperación,–,"Aprobada vía DS 003-2020-PRODUCE para industria; actualizada 2024 integrando más sectores. Objetivos: eficiencia energética e hídrica en plantas, economía circular en regiones. Logros a 2023: 3 regiones piloto con hojas de ruta propias (Arequipa, Cusco, Piura), inversiones en reciclaje que generaron 1.200 empleos locales. Evaluaciones CEPAL señalan potencial de +4% PIB al 2030 si se implementa plenamente. Monitoreo en curso.",N° regiones con planes CE; empleos creados; % mejora intensidad energética industrial,"Barrera_Institucional: Coordinación intersectorial aún débil – algunos sectores productivos clave (minería, transportes) no incorporados plenamente en primeras versiones de la hoja de ruta.",Barrera_Institucional,Habilitador_Planificación: Integración en Plan Nacional de Competitividad 2019-2030 (vía DS 203-2024-EF) elevó la EC a prioridad económica; esto garantiza recursos y seguimiento de alto nivel.,Habilitador_Político,"Alta – Perú muestra la importancia de vincular EC con competitividad; Chile puede integrar su economía circular en estrategias de productividad y desarrollo, facilitando financiamiento y apoyo político.",Alta,"Perú muestra la importancia de vincular EC con competitividad; Chile puede integrar su economía circular en estrategias de productividad y desarrollo, facilitando financiamiento y apoyo político.",No – Requiere tiempo consolidar esfuerzos en todo el país; Chile debe enfocarse en componentes ejecutables rápidamente antes que en la estrategia global para ver quick wins.,No,Requiere tiempo consolidar esfuerzos en todo el país; Chile debe enfocarse en componentes ejecutables rápidamente antes que en la estrategia global para ver quick wins.,(MINAM/Produce),Estrategia nacional (hoja de ruta),(Gob.pe anuncio oficial)